step,vehicle,speed,route,distance_to_intersection,in_control_zone,raw_decision,final_decision
0,car0,13.89,N_S,97.16946898540398,False,FREE,FREE
1,car0,13.89,N_S,83.33589966472377,False,FREE,FREE
2,car0,13.89,N_S,69.5242611457556,False,FREE,FREE
2,car1,13.032987,S_N,107.85692259382256,False,WAIT,WAIT
3,car0,13.89,N_S,55.750855129839394,False,FREE,FREE
3,car1,8.532987,S_N,99.34938792929435,False,WAIT,WAIT
4,car0,13.89,N_S,42.053264468579066,True,FREE,FREE
4,car1,4.032987,S_N,95.33001748631801,False,WAIT,WAIT
4,car2,13.89,E_W,143.4596018890417,False,WAIT,WAIT
5,car0,12.28633333333333,N_S,30.083439004700942,True,FREE,FREE
5,car1,0.0,S_N,95.33001748631801,False,WAIT,WAIT
5,car2,9.39,E_W,134.10091626688936,False,WAIT,WAIT
6,car0,7.786333333333334,N_S,22.672944323839594,True,FREE,FREE
6,car1,0.0,S_N,95.33001748631801,False,WAIT,WAIT
6,car2,4.890000000000001,E_W,129.2289868601159,False,WAIT,WAIT
6,car3,13.89,W_E,133.59474377038467,False,WAIT,WAIT
7,car0,3.2863333333333364,N_S,19.632547476284756,True,FREE,FREE
7,car1,0.0,S_N,95.33001748631801,False,WAIT,WAIT
7,car2,0.39000000000000057,E_W,128.84048596420672,False,WAIT,WAIT
7,car3,9.39,W_E,124.23956141193834,False,WAIT,WAIT
8,car0,4.7748263676261615e-15,N_S,19.632547476284756,True,FREE,FREE
8,car1,0.0,S_N,95.33001748631801,False,WAIT,WAIT
8,car2,0.0,E_W,128.84048596420672,False,WAIT,WAIT
8,car3,4.890000000000001,W_E,119.36990612274137,False,WAIT,WAIT
9,car0,4.7748263676261615e-15,N_S,19.632547476284756,True,FREE,FREE
9,car1,0.0,S_N,95.33001748631801,False,WAIT,WAIT
9,car2,0.0,E_W,128.84048596420672,False,WAIT,WAIT
9,car3,0.39000000000000057,W_E,118.98160197502474,False,WAIT,WAIT
10,car0,4.7748263676261615e-15,N_S,19.632547476284756,True,FREE,FREE
10,car1,0.0,S_N,95.33001748631801,False,WAIT,WAIT
10,car2,0.0,E_W,128.84048596420672,False,WAIT,WAIT
10,car3,0.0,W_E,118.98160197502474,False,WAIT,WAIT
11,car0,4.7748263676261615e-15,N_S,19.632547476284756,True,FREE,FREE
11,car1,0.0,S_N,95.33001748631801,False,WAIT,WAIT
11,car2,0.0,E_W,128.84048596420672,False,WAIT,WAIT
11,car3,0.0,W_E,118.98160197502474,False,WAIT,WAIT
12,car0,4.7748263676261615e-15,N_S,19.632547476284756,True,FREE,FREE
12,car1,0.0,S_N,95.33001748631801,False,WAIT,WAIT
12,car2,0.0,E_W,128.84048596420672,False,WAIT,WAIT
12,car3,0.0,W_E,118.98160197502474,False,WAIT,WAIT
13,car0,4.7748263676261615e-15,N_S,19.632547476284756,True,FREE,FREE
13,car1,0.0,S_N,95.33001748631801,False,WAIT,WAIT
13,car2,0.0,E_W,128.84048596420672,False,WAIT,WAIT
13,car3,0.0,W_E,118.98160197502474,False,WAIT,WAIT
14,car0,4.7748263676261615e-15,N_S,19.632547476284756,True,FREE,FREE
14,car1,0.0,S_N,95.33001748631801,False,WAIT,WAIT
14,car2,0.0,E_W,128.84048596420672,False,WAIT,WAIT
14,car3,0.0,W_E,118.98160197502474,False,WAIT,WAIT
15,car0,4.7748263676261615e-15,N_S,19.632547476284756,True,FREE,FREE
15,car1,0.0,S_N,95.33001748631801,False,WAIT,WAIT
15,car2,0.0,E_W,128.84048596420672,False,WAIT,WAIT
15,car3,0.0,W_E,118.98160197502474,False,WAIT,WAIT
16,car0,4.7748263676261615e-15,N_S,19.632547476284756,True,FREE,FREE
16,car1,0.0,S_N,95.33001748631801,False,WAIT,WAIT
16,car2,0.0,E_W,128.84048596420672,False,WAIT,WAIT
16,car3,0.0,W_E,118.98160197502474,False,WAIT,WAIT
17,car0,4.7748263676261615e-15,N_S,19.632547476284756,True,FREE,FREE
17,car1,0.0,S_N,95.33001748631801,False,WAIT,WAIT
17,car2,0.0,E_W,128.84048596420672,False,WAIT,WAIT
17,car3,0.0,W_E,118.98160197502474,False,WAIT,WAIT
18,car0,4.7748263676261615e-15,N_S,19.632547476284756,True,FREE,FREE
18,car1,0.0,S_N,95.33001748631801,False,WAIT,WAIT
18,car2,0.0,E_W,128.84048596420672,False,WAIT,WAIT
18,car3,0.0,W_E,118.98160197502474,False,WAIT,WAIT
19,car0,4.7748263676261615e-15,N_S,19.632547476284756,True,FREE,FREE
19,car1,0.0,S_N,95.33001748631801,False,WAIT,WAIT
19,car2,0.0,E_W,128.84048596420672,False,WAIT,WAIT
19,car3,0.0,W_E,118.98160197502474,False,WAIT,WAIT
20,car0,4.7748263676261615e-15,N_S,19.632547476284756,True,PROCEED,PROCEED
20,car1,0.0,S_N,95.33001748631801,False,FREE,FREE
20,car2,0.0,E_W,128.84048596420672,False,FREE,FREE
20,car3,0.0,W_E,118.98160197502474,False,FREE,FREE
21,car0,4.7748263676261615e-15,N_S,19.632547476284756,True,PROCEED,PROCEED
21,car1,2.6,S_N,92.73942389408919,False,FREE,FREE
21,car2,2.6,E_W,126.25071213426756,False,FREE,FREE
21,car3,2.6,W_E,116.39320290799574,False,FREE,FREE
22,car0,4.7748263676261615e-15,N_S,19.632547476284756,True,PROCEED,PROCEED
22,car1,5.2,S_N,87.55991267012014,False,FREE,FREE
22,car2,5.2,E_W,121.07245725684581,False,FREE,FREE
22,car3,5.2,W_E,111.21805813459528,False,FREE,FREE
23,car0,4.7748263676261615e-15,N_S,19.632547476284756,True,PROCEED,PROCEED
23,car1,7.800000000000001,S_N,79.79565154716009,False,FREE,FREE
23,car2,7.800000000000001,E_W,113.30874996588412,False,FREE,FREE
23,car3,7.800000000000001,W_E,103.4600945786844,False,FREE,FREE
24,car0,4.7748263676261615e-15,N_S,19.632547476284756,True,PROCEED,PROCEED
24,car1,10.4,S_N,69.45578066293037,False,FREE,FREE
24,car2,10.4,E_W,102.96555191992047,False,FREE,FREE
24,car3,10.4,W_E,93.12723391412052,False,FREE,FREE
25,car0,4.7748263676261615e-15,N_S,19.632547476284756,True,PROCEED,PROCEED
25,car1,13.0,S_N,56.56199130177529,False,FREE,FREE
25,car2,13.0,E_W,90.05473078139086,False,FREE,FREE
25,car3,13.0,W_E,80.23586807101516,False,FREE,FREE
26,car0,4.7748263676261615e-15,N_S,19.632547476284756,True,PROCEED,PROCEED
26,car1,13.032987,S_N,43.698757216762324,True,FREE,FREE
26,car2,13.89,E_W,76.29316518932187,False,FREE,FREE
26,car3,13.89,W_E,66.50914693740543,False,FREE,FREE
27,car0,4.7748263676261615e-15,N_S,19.632547476284756,True,PROCEED,PROCEED
27,car1,12.846679666666665,S_N,31.157858599002328,True,FREE,FREE
27,car2,13.89,E_W,62.58795807081761,False,FREE,FREE
27,car3,13.89,W_E,52.86838311086374,False,FREE,FREE
28,car0,4.7748263676261615e-15,N_S,19.632547476284756,True,PROCEED,PROCEED
28,car1,8.34667966666667,S_N,23.190004468155585,True,FREE,WAIT
28,car2,13.89,E_W,48.98643545632386,False,FREE,FREE
28,car3,13.89,W_E,39.4029496910622,True,FREE,WAIT
29,car0,4.7748263676261615e-15,N_S,19.632547476284756,True,PROCEED,PROCEED
29,car1,3.8466796666666703,S_N,19.62423205524667,True,FREE,FREE
29,car2,13.89,E_W,35.6076135725443,True,FREE,WAIT
29,car3,9.39,W_E,30.516930669085014,True,FREE,WAIT
30,car0,4.7748263676261615e-15,N_S,19.632547476284756,True,PROCEED,PROCEED
30,car1,0.0,S_N,19.62423205524667,True,FREE,FREE
30,car2,9.39,E_W,26.85828197382765,True,FREE,FREE
30,car3,4.890000000000001,W_E,26.030105164129893,True,FREE,FREE
31,car0,4.7748263676261615e-15,N_S,19.632547476284756,True,PROCEED,PROCEED
31,car1,0.0,S_N,19.62423205524667,True,FREE,FREE
31,car2,11.99,E_W,16.7100228293627,True,FREE,FREE
31,car3,7.49,W_E,19.539849155688344,True,FREE,FREE
32,car0,4.7748263676261615e-15,N_S,19.632547476284756,True,PROCEED,PROCEED
32,car1,0.0,S_N,19.62423205524667,True,FREE,FREE
32,car2,13.89,E_W,11.223560042704634,True,FREE,FREE
32,car3,10.09,W_E,12.713719989652914,True,FREE,FREE
33,car0,4.7748263676261615e-15,N_S,19.632547476284756,True,PROCEED,PROCEED
33,car1,0.0,S_N,19.62423205524667,True,FREE,FREE
33,car2,13.89,E_W,18.960941093186936,True,FREE,FREE
33,car3,12.69,W_E,13.158867558091723,True,FREE,FREE
34,car0,4.7748263676261615e-15,N_S,19.632547476284756,True,PROCEED,PROCEED
34,car1,0.0,S_N,19.62423205524667,True,FREE,FREE
34,car2,13.89,E_W,31.271637736760066,True,FREE,FREE
34,car3,13.89,W_E,23.551283603043768,True,FREE,FREE
35,car0,4.7748263676261615e-15,N_S,19.632547476284756,True,PROCEED,PROCEED
35,car1,0.0,S_N,19.62423205524667,True,FREE,FREE
35,car2,13.89,E_W,44.51937817446201,True,FREE,FREE
35,car3,13.89,W_E,36.375052601917616,True,FREE,FREE
36,car0,4.7748263676261615e-15,N_S,19.632547476284756,True,PROCEED,PROCEED
36,car1,0.0,S_N,19.62423205524667,True,FREE,FREE
36,car2,13.89,E_W,58.06804909484271,False,FREE,FREE
36,car3,13.89,W_E,49.773877351543,False,FREE,FREE
37,car0,4.7748263676261615e-15,N_S,19.632547476284756,True,PROCEED,PROCEED
37,car1,0.0,S_N,19.62423205524667,True,FREE,FREE
37,car2,13.89,E_W,71.74737071600639,False,FREE,FREE
37,car3,13.89,W_E,63.384116336772514,False,FREE,FREE
38,car0,4.7748263676261615e-15,N_S,19.632547476284756,True,PROCEED,PROCEED
38,car1,0.0,S_N,19.62423205524667,True,FREE,FREE
38,car2,13.89,E_W,85.49465287360216,False,FREE,FREE
38,car3,13.89,W_E,77.09388084247333,False,FREE,FREE
39,car0,4.7748263676261615e-15,N_S,19.632547476284756,True,PROCEED,PROCEED
39,car1,0.0,S_N,19.62423205524667,True,FREE,FREE
39,car2,13.89,E_W,99.28166860822849,False,FREE,FREE
39,car3,13.89,W_E,90.85812921960442,False,FREE,FREE
40,car0,4.7748263676261615e-15,N_S,19.632547476284756,True,WAIT,WAIT
40,car1,0.0,S_N,19.62423205524667,True,WAIT,WAIT
40,car2,13.89,E_W,113.0938873663345,False,FREE,FREE
40,car3,13.89,W_E,104.65536655896864,False,FREE,FREE
41,car0,0.0,N_S,19.632547476284756,True,WAIT,WAIT
41,car1,0.0,S_N,19.62423205524667,True,WAIT,WAIT
41,car2,13.89,E_W,126.92308136805892,False,FREE,FREE
41,car3,13.89,W_E,118.47406794852088,False,FREE,FREE
42,car0,0.0,N_S,19.632547476284756,True,WAIT,WAIT
42,car1,0.0,S_N,19.62423205524667,True,WAIT,WAIT
42,car3,13.89,W_E,132.30750819708717,False,FREE,FREE
43,car0,0.0,N_S,19.632547476284756,True,WAIT,WAIT
43,car1,0.0,S_N,19.62423205524667,True,WAIT,WAIT
43,car3,13.89,W_E,146.1515022048926,False,FREE,FREE
44,car0,0.0,N_S,19.632547476284756,True,WAIT,WAIT
44,car1,0.0,S_N,19.62423205524667,True,WAIT,WAIT
45,car0,0.0,N_S,19.632547476284756,True,WAIT,WAIT
45,car1,0.0,S_N,19.62423205524667,True,WAIT,WAIT
46,car0,0.0,N_S,19.632547476284756,True,WAIT,WAIT
46,car1,0.0,S_N,19.62423205524667,True,WAIT,WAIT
47,car0,0.0,N_S,19.632547476284756,True,WAIT,WAIT
47,car1,0.0,S_N,19.62423205524667,True,WAIT,WAIT
48,car0,0.0,N_S,19.632547476284756,True,WAIT,WAIT
48,car1,0.0,S_N,19.62423205524667,True,WAIT,WAIT
49,car0,0.0,N_S,19.632547476284756,True,WAIT,WAIT
49,car1,0.0,S_N,19.62423205524667,True,WAIT,WAIT
