step,vehicle,speed,distance_to_intersection,decision
0,car0,13.89,97.16946898540398,FREE
1,car0,13.89,83.33589966472377,FREE
2,car0,13.89,69.5242611457556,FREE
2,car1,13.032987,107.85692259382256,FREE
3,car0,13.89,55.750855129839394,FREE
3,car1,13.032987,94.86465607799397,FREE
4,car0,13.89,42.053264468579066,PROCEED
4,car1,13.032987,81.88536031907589,FREE
4,car2,13.89,143.4596018890417,FREE
5,car0,12.28633333333333,30.083439004700942,PROCEED
5,car1,13.032987,68.92636314775547,FREE
5,car2,13.89,129.6174966039146,FREE
6,car0,7.786333333333334,22.672944323839594,PROCEED
6,car1,13.032987,56.00175782393088,FREE
6,car2,13.89,115.78664171631453,FREE
6,car3,13.89,133.59474377038467,FREE
7,car0,3.2863333333333364,19.632547476284756,PROCEED
7,car1,13.032987,43.142464722900435,WAIT
7,car2,13.89,101.97161515044984,FREE
7,car3,13.89,119.7582214991177,FREE
8,car0,4.7748263676261615e-15,19.632547476284756,PROCEED
8,car1,8.532987,34.79332323717914,WAIT
8,car2,13.89,88.17985662958185,FREE
8,car3,13.89,105.935994238844,FREE
9,car0,4.7748263676261615e-15,19.632547476284756,PROCEED
9,car1,4.032987,30.882234211587765,WAIT
9,car2,13.89,74.424302861422,FREE
9,car3,13.89,92.1344959246898,FREE
10,car0,4.7748263676261615e-15,19.632547476284756,PROCEED
10,car1,0.0,30.882234211587765,WAIT
10,car2,13.89,60.729560511966675,FREE
10,car3,13.89,78.36467959740932,FREE
11,car0,4.7748263676261615e-15,19.632547476284756,PROCEED
11,car1,0.0,30.882234211587765,WAIT
11,car2,13.89,47.148649035974195,FREE
11,car3,13.89,64.64679329012537,FREE
12,car0,4.7748263676261615e-15,19.632547476284756,PROCEED
12,car1,0.0,30.882234211587765,WAIT
12,car2,13.89,33.818983045491116,WAIT
12,car3,13.89,51.02273965764107,FREE
13,car0,4.7748263676261615e-15,19.632547476284756,PROCEED
13,car1,0.0,30.882234211587765,WAIT
13,car2,9.39,25.15309650219404,WAIT
13,car3,13.89,37.594670457796035,WAIT
14,car0,4.7748263676261615e-15,19.632547476284756,PROCEED
14,car1,0.0,30.882234211587765,WAIT
14,car2,4.890000000000001,20.889297399849045,WAIT
14,car3,9.39,28.767166275914157,WAIT
15,car0,4.7748263676261615e-15,19.632547476284756,PROCEED
15,car1,0.0,30.882234211587765,WAIT
15,car2,0.39000000000000057,20.561240390005157,WAIT
15,car3,4.890000000000001,24.33763322719293,WAIT
16,car0,4.7748263676261615e-15,19.632547476284756,PROCEED
16,car1,0.0,30.882234211587765,WAIT
16,car2,0.0,20.561240390005157,WAIT
16,car3,0.39000000000000057,23.992067339033696,WAIT
17,car0,4.7748263676261615e-15,19.632547476284756,PROCEED
17,car1,0.0,30.882234211587765,WAIT
17,car2,0.0,20.561240390005157,WAIT
17,car3,0.0,23.992067339033696,WAIT
18,car0,4.7748263676261615e-15,19.632547476284756,PROCEED
18,car1,0.0,30.882234211587765,WAIT
18,car2,0.0,20.561240390005157,WAIT
18,car3,0.0,23.992067339033696,WAIT
19,car0,4.7748263676261615e-15,19.632547476284756,PROCEED
19,car1,0.0,30.882234211587765,WAIT
19,car2,0.0,20.561240390005157,WAIT
19,car3,0.0,23.992067339033696,WAIT
20,car0,4.7748263676261615e-15,19.632547476284756,PROCEED
20,car1,0.0,30.882234211587765,WAIT
20,car2,0.0,20.561240390005157,WAIT
20,car3,0.0,23.992067339033696,WAIT
21,car0,4.7748263676261615e-15,19.632547476284756,PROCEED
21,car1,0.0,30.882234211587765,WAIT
21,car2,0.0,20.561240390005157,WAIT
21,car3,0.0,23.992067339033696,WAIT
22,car0,4.7748263676261615e-15,19.632547476284756,PROCEED
22,car1,0.0,30.882234211587765,WAIT
22,car2,0.0,20.561240390005157,WAIT
22,car3,0.0,23.992067339033696,WAIT
23,car0,4.7748263676261615e-15,19.632547476284756,PROCEED
23,car1,0.0,30.882234211587765,WAIT
23,car2,0.0,20.561240390005157,WAIT
23,car3,0.0,23.992067339033696,WAIT
24,car0,4.7748263676261615e-15,19.632547476284756,PROCEED
24,car1,0.0,30.882234211587765,WAIT
24,car2,0.0,20.561240390005157,WAIT
24,car3,0.0,23.992067339033696,WAIT
25,car0,4.7748263676261615e-15,19.632547476284756,PROCEED
25,car1,0.0,30.882234211587765,WAIT
25,car2,0.0,20.561240390005157,WAIT
25,car3,0.0,23.992067339033696,WAIT
26,car0,4.7748263676261615e-15,19.632547476284756,PROCEED
26,car1,0.0,30.882234211587765,WAIT
26,car2,0.0,20.561240390005157,WAIT
26,car3,0.0,23.992067339033696,WAIT
27,car0,4.7748263676261615e-15,19.632547476284756,PROCEED
27,car1,0.0,30.882234211587765,WAIT
27,car2,0.0,20.561240390005157,WAIT
27,car3,0.0,23.992067339033696,WAIT
28,car0,4.7748263676261615e-15,19.632547476284756,PROCEED
28,car1,0.0,30.882234211587765,WAIT
28,car2,0.0,20.561240390005157,WAIT
28,car3,0.0,23.992067339033696,WAIT
29,car0,4.7748263676261615e-15,19.632547476284756,PROCEED
29,car1,0.0,30.882234211587765,WAIT
29,car2,0.0,20.561240390005157,WAIT
29,car3,0.0,23.992067339033696,WAIT
30,car0,4.7748263676261615e-15,19.632547476284756,PROCEED
30,car1,0.0,30.882234211587765,WAIT
30,car2,0.0,20.561240390005157,WAIT
30,car3,0.0,23.992067339033696,WAIT
31,car0,4.7748263676261615e-15,19.632547476284756,PROCEED
31,car1,0.0,30.882234211587765,WAIT
31,car2,0.0,20.561240390005157,WAIT
31,car3,0.0,23.992067339033696,WAIT
32,car0,4.7748263676261615e-15,19.632547476284756,PROCEED
32,car1,0.0,30.882234211587765,WAIT
32,car2,0.0,20.561240390005157,WAIT
32,car3,0.0,23.992067339033696,WAIT
33,car0,4.7748263676261615e-15,19.632547476284756,PROCEED
33,car1,0.0,30.882234211587765,WAIT
33,car2,0.0,20.561240390005157,WAIT
33,car3,0.0,23.992067339033696,WAIT
34,car0,4.7748263676261615e-15,19.632547476284756,PROCEED
34,car1,0.0,30.882234211587765,WAIT
34,car2,0.0,20.561240390005157,WAIT
34,car3,0.0,23.992067339033696,WAIT
35,car0,4.7748263676261615e-15,19.632547476284756,PROCEED
35,car1,0.0,30.882234211587765,WAIT
35,car2,0.0,20.561240390005157,WAIT
35,car3,0.0,23.992067339033696,WAIT
36,car0,4.7748263676261615e-15,19.632547476284756,PROCEED
36,car1,0.0,30.882234211587765,WAIT
36,car2,0.0,20.561240390005157,WAIT
36,car3,0.0,23.992067339033696,WAIT
37,car0,4.7748263676261615e-15,19.632547476284756,PROCEED
37,car1,0.0,30.882234211587765,WAIT
37,car2,0.0,20.561240390005157,WAIT
37,car3,0.0,23.992067339033696,WAIT
38,car0,4.7748263676261615e-15,19.632547476284756,PROCEED
38,car1,0.0,30.882234211587765,WAIT
38,car2,0.0,20.561240390005157,WAIT
38,car3,0.0,23.992067339033696,WAIT
39,car0,4.7748263676261615e-15,19.632547476284756,PROCEED
39,car1,0.0,30.882234211587765,WAIT
39,car2,0.0,20.561240390005157,WAIT
39,car3,0.0,23.992067339033696,WAIT
40,car0,4.7748263676261615e-15,19.632547476284756,PROCEED
40,car1,0.0,30.882234211587765,WAIT
40,car2,0.0,20.561240390005157,WAIT
40,car3,0.0,23.992067339033696,WAIT
41,car0,2.600000000000005,17.3235563275327,PROCEED
41,car1,0.0,30.882234211587765,WAIT
41,car2,0.0,20.561240390005157,WAIT
41,car3,0.0,23.992067339033696,WAIT
42,car0,5.200000000000005,13.103167821091775,PROCEED
42,car1,0.0,30.882234211587765,WAIT
42,car2,0.0,20.561240390005157,WAIT
42,car3,0.0,23.992067339033696,WAIT
43,car0,7.800000000000004,9.49587935175243,PROCEED
43,car1,0.0,30.882234211587765,WAIT
43,car2,0.0,20.561240390005157,WAIT
43,car3,0.0,23.992067339033696,WAIT
44,car0,10.400000000000004,13.336128224890123,PROCEED
44,car1,0.0,30.882234211587765,WAIT
44,car2,0.0,20.561240390005157,WAIT
44,car3,0.0,23.992067339033696,WAIT
45,car0,13.000000000000004,23.72875422634077,WAIT
45,car1,0.0,30.882234211587765,WAIT
45,car2,0.0,20.561240390005157,PROCEED
45,car3,0.0,23.992067339033696,WAIT
46,car0,8.500000000000004,31.47882348984815,WAIT
46,car1,0.0,30.882234211587765,WAIT
46,car2,0.0,20.561240390005157,PROCEED
46,car3,0.0,23.992067339033696,WAIT
47,car0,4.0000000000000036,35.24576682991362,WAIT
47,car1,0.0,30.882234211587765,WAIT
47,car2,0.0,20.561240390005157,PROCEED
47,car3,0.0,23.992067339033696,WAIT
48,car0,0.0,35.24576682991362,WAIT
48,car1,0.0,30.882234211587765,WAIT
48,car2,0.0,20.561240390005157,PROCEED
48,car3,0.0,23.992067339033696,WAIT
49,car0,0.0,35.24576682991362,WAIT
49,car1,0.0,30.882234211587765,WAIT
49,car2,0.0,20.561240390005157,PROCEED
49,car3,0.0,23.992067339033696,WAIT
50,car0,0.0,35.24576682991362,WAIT
50,car1,0.0,30.882234211587765,WAIT
50,car2,0.0,20.561240390005157,PROCEED
50,car3,0.0,23.992067339033696,WAIT
51,car0,0.0,35.24576682991362,WAIT
51,car1,0.0,30.882234211587765,WAIT
51,car2,0.0,20.561240390005157,PROCEED
51,car3,0.0,23.992067339033696,WAIT
52,car0,0.0,35.24576682991362,WAIT
52,car1,0.0,30.882234211587765,WAIT
52,car2,0.0,20.561240390005157,PROCEED
52,car3,0.0,23.992067339033696,WAIT
53,car0,0.0,35.24576682991362,WAIT
53,car1,0.0,30.882234211587765,WAIT
53,car2,0.0,20.561240390005157,PROCEED
53,car3,0.0,23.992067339033696,WAIT
54,car0,0.0,35.24576682991362,WAIT
54,car1,0.0,30.882234211587765,WAIT
54,car2,0.0,20.561240390005157,PROCEED
54,car3,0.0,23.992067339033696,WAIT
55,car0,0.0,35.24576682991362,WAIT
55,car1,0.0,30.882234211587765,WAIT
55,car2,0.0,20.561240390005157,PROCEED
55,car3,0.0,23.992067339033696,WAIT
56,car0,0.0,35.24576682991362,WAIT
56,car1,0.0,30.882234211587765,WAIT
56,car2,0.0,20.561240390005157,PROCEED
56,car3,0.0,23.992067339033696,WAIT
57,car0,0.0,35.24576682991362,WAIT
57,car1,0.0,30.882234211587765,WAIT
57,car2,0.0,20.561240390005157,PROCEED
57,car3,0.0,23.992067339033696,WAIT
58,car0,0.0,35.24576682991362,WAIT
58,car1,0.0,30.882234211587765,WAIT
58,car2,0.0,20.561240390005157,PROCEED
58,car3,0.0,23.992067339033696,WAIT
59,car0,0.0,35.24576682991362,WAIT
59,car1,0.0,30.882234211587765,WAIT
59,car2,0.0,20.561240390005157,PROCEED
59,car3,0.0,23.992067339033696,WAIT
60,car0,0.0,35.24576682991362,WAIT
60,car1,0.0,30.882234211587765,WAIT
60,car2,0.0,20.561240390005157,PROCEED
60,car3,0.0,23.992067339033696,WAIT
61,car0,0.0,35.24576682991362,WAIT
61,car1,0.0,30.882234211587765,WAIT
61,car2,0.0,20.561240390005157,PROCEED
61,car3,0.0,23.992067339033696,WAIT
62,car0,0.0,35.24576682991362,WAIT
62,car1,0.0,30.882234211587765,WAIT
62,car2,0.0,20.561240390005157,PROCEED
62,car3,0.0,23.992067339033696,WAIT
63,car0,0.0,35.24576682991362,WAIT
63,car1,0.0,30.882234211587765,WAIT
63,car2,0.0,20.561240390005157,PROCEED
63,car3,0.0,23.992067339033696,WAIT
64,car0,0.0,35.24576682991362,WAIT
64,car1,0.0,30.882234211587765,WAIT
64,car2,0.0,20.561240390005157,PROCEED
64,car3,0.0,23.992067339033696,WAIT
65,car0,0.0,35.24576682991362,WAIT
65,car1,0.0,30.882234211587765,WAIT
65,car2,0.0,20.561240390005157,PROCEED
65,car3,0.0,23.992067339033696,WAIT
66,car0,0.0,35.24576682991362,WAIT
66,car1,0.0,30.882234211587765,WAIT
66,car2,0.0,20.561240390005157,PROCEED
66,car3,0.0,23.992067339033696,WAIT
67,car0,0.0,35.24576682991362,WAIT
67,car1,0.0,30.882234211587765,WAIT
67,car2,0.0,20.561240390005157,PROCEED
67,car3,0.0,23.992067339033696,WAIT
68,car0,0.0,35.24576682991362,WAIT
68,car1,0.0,30.882234211587765,WAIT
68,car2,0.0,20.561240390005157,PROCEED
68,car3,0.0,23.992067339033696,WAIT
69,car0,0.0,35.24576682991362,WAIT
69,car1,0.0,30.882234211587765,WAIT
69,car2,0.0,20.561240390005157,PROCEED
69,car3,0.0,23.992067339033696,WAIT
70,car0,0.0,35.24576682991362,WAIT
70,car1,0.0,30.882234211587765,WAIT
70,car2,0.0,20.561240390005157,PROCEED
70,car3,0.0,23.992067339033696,WAIT
71,car0,0.0,35.24576682991362,WAIT
71,car1,0.0,30.882234211587765,WAIT
71,car2,0.0,20.561240390005157,PROCEED
71,car3,0.0,23.992067339033696,WAIT
72,car0,0.0,35.24576682991362,WAIT
72,car1,0.0,30.882234211587765,WAIT
72,car2,0.0,20.561240390005157,PROCEED
72,car3,0.0,23.992067339033696,WAIT
73,car0,0.0,35.24576682991362,WAIT
73,car1,0.0,30.882234211587765,WAIT
73,car2,0.0,20.561240390005157,PROCEED
73,car3,0.0,23.992067339033696,WAIT
74,car0,0.0,35.24576682991362,WAIT
74,car1,0.0,30.882234211587765,WAIT
74,car2,0.0,20.561240390005157,PROCEED
74,car3,0.0,23.992067339033696,WAIT
75,car0,0.0,35.24576682991362,WAIT
75,car1,0.0,30.882234211587765,WAIT
75,car2,0.0,20.561240390005157,PROCEED
75,car3,0.0,23.992067339033696,WAIT
76,car0,0.0,35.24576682991362,WAIT
76,car1,0.0,30.882234211587765,WAIT
76,car2,0.0,20.561240390005157,PROCEED
76,car3,0.0,23.992067339033696,WAIT
77,car0,0.0,35.24576682991362,WAIT
77,car1,0.0,30.882234211587765,WAIT
77,car2,0.0,20.561240390005157,PROCEED
77,car3,0.0,23.992067339033696,WAIT
78,car0,0.0,35.24576682991362,WAIT
78,car1,0.0,30.882234211587765,WAIT
78,car2,0.0,20.561240390005157,PROCEED
78,car3,0.0,23.992067339033696,WAIT
79,car0,0.0,35.24576682991362,WAIT
79,car1,0.0,30.882234211587765,WAIT
79,car2,0.0,20.561240390005157,PROCEED
79,car3,0.0,23.992067339033696,WAIT
80,car0,0.0,35.24576682991362,WAIT
80,car1,0.0,30.882234211587765,WAIT
80,car2,0.0,20.561240390005157,PROCEED
80,car3,0.0,23.992067339033696,WAIT
81,car0,0.0,35.24576682991362,WAIT
81,car1,0.0,30.882234211587765,WAIT
81,car2,0.0,20.561240390005157,PROCEED
81,car3,0.0,23.992067339033696,WAIT
82,car0,0.0,35.24576682991362,WAIT
82,car1,0.0,30.882234211587765,WAIT
82,car2,0.0,20.561240390005157,PROCEED
82,car3,0.0,23.992067339033696,WAIT
83,car0,0.0,35.24576682991362,WAIT
83,car1,0.0,30.882234211587765,WAIT
83,car2,0.0,20.561240390005157,PROCEED
83,car3,0.0,23.992067339033696,WAIT
84,car0,0.0,35.24576682991362,WAIT
84,car1,0.0,30.882234211587765,WAIT
84,car2,0.0,20.561240390005157,PROCEED
84,car3,0.0,23.992067339033696,WAIT
85,car0,0.0,35.24576682991362,WAIT
85,car1,0.0,30.882234211587765,WAIT
85,car2,0.0,20.561240390005157,PROCEED
85,car3,0.0,23.992067339033696,WAIT
86,car0,0.0,35.24576682991362,WAIT
86,car1,0.0,30.882234211587765,WAIT
86,car2,0.0,20.561240390005157,PROCEED
86,car3,0.0,23.992067339033696,WAIT
87,car0,0.0,35.24576682991362,WAIT
87,car1,0.0,30.882234211587765,WAIT
87,car2,0.0,20.561240390005157,PROCEED
87,car3,0.0,23.992067339033696,WAIT
88,car0,0.0,35.24576682991362,WAIT
88,car1,0.0,30.882234211587765,WAIT
88,car2,0.0,20.561240390005157,PROCEED
88,car3,0.0,23.992067339033696,WAIT
89,car0,0.0,35.24576682991362,WAIT
89,car1,0.0,30.882234211587765,WAIT
89,car2,0.0,20.561240390005157,PROCEED
89,car3,0.0,23.992067339033696,WAIT
90,car0,0.0,35.24576682991362,WAIT
90,car1,0.0,30.882234211587765,WAIT
90,car2,2.6,18.427449154912594,PROCEED
90,car3,0.0,23.992067339033696,WAIT
91,car0,0.0,35.24576682991362,WAIT
91,car1,0.0,30.882234211587765,WAIT
91,car2,5.2,14.620316337096893,PROCEED
91,car3,0.0,23.992067339033696,WAIT
92,car0,0.0,35.24576682991362,WAIT
92,car1,0.0,30.882234211587765,WAIT
92,car2,7.800000000000001,11.255006675903491,PROCEED
92,car3,0.0,23.992067339033696,WAIT
93,car0,0.0,35.24576682991362,WAIT
93,car1,0.0,30.882234211587765,WAIT
93,car2,10.4,14.153173070801131,PROCEED
93,car3,0.0,23.992067339033696,WAIT
94,car0,0.0,35.24576682991362,WAIT
94,car1,0.0,30.882234211587765,WAIT
94,car2,13.0,24.425913856633088,WAIT
94,car3,0.0,23.992067339033696,PROCEED
95,car0,0.0,35.24576682991362,WAIT
95,car1,0.0,30.882234211587765,WAIT
95,car2,8.5,32.21670263263357,WAIT
95,car3,2.6,21.72680200185003,PROCEED
96,car0,0.0,35.24576682991362,WAIT
96,car1,0.0,30.882234211587765,WAIT
96,car2,4.0,35.99419456403629,WAIT
96,car3,5.2,17.490297530232446,PROCEED
97,car0,0.0,35.24576682991362,WAIT
97,car1,0.0,30.882234211587765,WAIT
97,car2,0.0,35.99419456403629,WAIT
97,car3,7.800000000000001,12.577855553964515,PROCEED
98,car0,0.0,35.24576682991362,WAIT
98,car1,0.0,30.882234211587765,WAIT
98,car2,0.0,35.99419456403629,WAIT
98,car3,10.4,12.251751980376977,PROCEED
99,car0,0.0,35.24576682991362,WAIT
99,car1,0.0,30.882234211587765,WAIT
99,car2,0.0,35.99419456403629,WAIT
99,car3,13.0,21.062159574924944,PROCEED
100,car0,0.0,35.24576682991362,WAIT
100,car1,0.0,30.882234211587765,PROCEED
100,car2,0.0,35.99419456403629,WAIT
100,car3,13.89,33.6466980620546,WAIT
101,car0,0.0,35.24576682991362,WAIT
101,car1,2.6,28.37891983131552,PROCEED
101,car2,0.0,35.99419456403629,WAIT
101,car3,9.39,42.61577917454193,WAIT
102,car0,0.0,35.24576682991362,WAIT
102,car1,5.2,23.435550657873623,PROCEED
102,car2,0.0,35.99419456403629,WAIT
102,car3,4.890000000000001,47.35114877351784,FREE
103,car0,0.0,35.24576682991362,WAIT
103,car1,4.108090999999992,19.62423205524667,PROCEED
103,car2,0.0,35.99419456403629,WAIT
103,car3,7.49,54.65701293911414,FREE
104,car0,0.0,35.24576682991362,WAIT
104,car1,4.7748263676261615e-15,19.62423205524667,PROCEED
104,car2,0.0,35.99419456403629,WAIT
104,car3,10.09,64.565520419011,FREE
105,car0,0.0,35.24576682991362,WAIT
105,car1,4.7748263676261615e-15,19.62423205524667,PROCEED
105,car2,0.0,35.99419456403629,WAIT
105,car3,12.69,77.09388084247335,FREE
106,car0,0.0,35.24576682991362,WAIT
106,car1,4.7748263676261615e-15,19.62423205524667,PROCEED
106,car2,0.0,35.99419456403629,WAIT
106,car3,13.89,90.85812921960445,FREE
107,car0,0.0,35.24576682991362,WAIT
107,car1,4.7748263676261615e-15,19.62423205524667,PROCEED
107,car2,0.0,35.99419456403629,WAIT
107,car3,13.89,104.65536655896864,FREE
108,car0,0.0,35.24576682991362,WAIT
108,car1,4.7748263676261615e-15,19.62423205524667,PROCEED
108,car2,0.0,35.99419456403629,WAIT
108,car3,13.89,118.47406794852091,FREE
109,car0,0.0,35.24576682991362,WAIT
109,car1,4.7748263676261615e-15,19.62423205524667,PROCEED
109,car2,0.0,35.99419456403629,WAIT
109,car3,13.89,132.3075081970872,FREE
110,car0,0.0,35.24576682991362,WAIT
110,car1,4.7748263676261615e-15,19.62423205524667,PROCEED
110,car2,0.0,35.99419456403629,WAIT
110,car3,13.89,146.1515022048926,FREE
111,car0,0.0,35.24576682991362,WAIT
111,car1,4.7748263676261615e-15,19.62423205524667,PROCEED
111,car2,0.0,35.99419456403629,WAIT
112,car0,0.0,35.24576682991362,WAIT
112,car1,4.7748263676261615e-15,19.62423205524667,PROCEED
112,car2,0.0,35.99419456403629,WAIT
113,car0,0.0,35.24576682991362,WAIT
113,car1,4.7748263676261615e-15,19.62423205524667,PROCEED
113,car2,0.0,35.99419456403629,WAIT
114,car0,0.0,35.24576682991362,WAIT
114,car1,4.7748263676261615e-15,19.62423205524667,PROCEED
114,car2,0.0,35.99419456403629,WAIT
115,car0,0.0,35.24576682991362,WAIT
115,car1,4.7748263676261615e-15,19.62423205524667,PROCEED
115,car2,0.0,35.99419456403629,WAIT
116,car0,0.0,35.24576682991362,WAIT
116,car1,4.7748263676261615e-15,19.62423205524667,PROCEED
116,car2,0.0,35.99419456403629,WAIT
117,car0,0.0,35.24576682991362,WAIT
117,car1,4.7748263676261615e-15,19.62423205524667,PROCEED
117,car2,0.0,35.99419456403629,WAIT
118,car0,0.0,35.24576682991362,WAIT
118,car1,4.7748263676261615e-15,19.62423205524667,PROCEED
118,car2,0.0,35.99419456403629,WAIT
119,car0,0.0,35.24576682991362,WAIT
119,car1,4.7748263676261615e-15,19.62423205524667,PROCEED
119,car2,0.0,35.99419456403629,WAIT
120,car0,0.0,35.24576682991362,WAIT
120,car1,4.7748263676261615e-15,19.62423205524667,PROCEED
120,car2,0.0,35.99419456403629,WAIT
121,car0,0.0,35.24576682991362,WAIT
121,car1,4.7748263676261615e-15,19.62423205524667,PROCEED
121,car2,0.0,35.99419456403629,WAIT
122,car0,0.0,35.24576682991362,WAIT
122,car1,4.7748263676261615e-15,19.62423205524667,PROCEED
122,car2,0.0,35.99419456403629,WAIT
123,car0,0.0,35.24576682991362,WAIT
123,car1,4.7748263676261615e-15,19.62423205524667,PROCEED
123,car2,0.0,35.99419456403629,WAIT
124,car0,0.0,35.24576682991362,WAIT
124,car1,4.7748263676261615e-15,19.62423205524667,PROCEED
124,car2,0.0,35.99419456403629,WAIT
125,car0,0.0,35.24576682991362,WAIT
125,car1,4.7748263676261615e-15,19.62423205524667,PROCEED
125,car2,0.0,35.99419456403629,WAIT
126,car0,0.0,35.24576682991362,WAIT
126,car1,4.7748263676261615e-15,19.62423205524667,PROCEED
126,car2,0.0,35.99419456403629,WAIT
127,car0,0.0,35.24576682991362,WAIT
127,car1,4.7748263676261615e-15,19.62423205524667,PROCEED
127,car2,0.0,35.99419456403629,WAIT
128,car0,0.0,35.24576682991362,WAIT
128,car1,4.7748263676261615e-15,19.62423205524667,PROCEED
128,car2,0.0,35.99419456403629,WAIT
129,car0,0.0,35.24576682991362,WAIT
129,car1,4.7748263676261615e-15,19.62423205524667,PROCEED
129,car2,0.0,35.99419456403629,WAIT
130,car0,0.0,35.24576682991362,WAIT
130,car1,4.7748263676261615e-15,19.62423205524667,PROCEED
130,car2,0.0,35.99419456403629,WAIT
131,car0,0.0,35.24576682991362,WAIT
131,car1,2.600000000000005,17.318755845991706,PROCEED
131,car2,0.0,35.99419456403629,WAIT
132,car0,0.0,35.24576682991362,WAIT
132,car1,5.200000000000005,13.11038645247213,PROCEED
132,car2,0.0,35.99419456403629,WAIT
133,car0,0.0,35.24576682991362,WAIT
133,car1,7.800000000000004,9.538989391255987,PROCEED
133,car2,0.0,35.99419456403629,WAIT
134,car0,0.0,35.24576682991362,WAIT
134,car1,10.400000000000004,13.426687747973482,PROCEED
134,car2,0.0,35.99419456403629,WAIT
135,car0,0.0,35.24576682991362,WAIT
135,car1,13.000000000000004,23.833879565727734,PROCEED
135,car2,0.0,35.99419456403629,WAIT
136,car0,0.0,35.24576682991362,PROCEED
136,car1,13.032987,35.863618543364105,WAIT
136,car2,0.0,35.99419456403629,WAIT
137,car0,2.6,37.72002580847449,WAIT
137,car1,8.532987,44.049618871015156,WAIT
137,car2,0.0,35.99419456403629,PROCEED
138,car0,0.0,37.72002580847449,PROCEED
138,car1,4.032987,47.960611635734885,FREE
138,car2,2.6,38.473692167368085,WAIT
139,car0,2.6,40.21015786143991,WAIT
139,car1,6.632987,54.43155730899876,FREE
139,car2,0.0,38.473692167368085,PROCEED
140,car0,0.0,40.21015786143991,PROCEED
140,car1,9.232987,63.494445164064224,FREE
140,car2,2.6,40.96813291039139,WAIT
141,car0,2.6,42.713386943421504,WAIT
141,car1,11.832987,75.16964431890504,FREE
141,car2,0.0,40.96813291039139,PROCEED
142,car0,0.0,42.713386943421504,PROCEED
142,car1,13.032987,88.07721116367384,FREE
142,car2,2.6,43.4749447134321,WAIT
143,car0,2.6,45.22753844508429,FREE
143,car1,13.032987,101.0166418615418,FREE
143,car2,0.0,43.4749447134321,PROCEED
144,car0,5.2,50.28204843786315,FREE
144,car2,2.6,45.99210475730432,FREE
145,car0,7.800000000000001,57.912148917270706,FREE
145,car2,5.2,51.05134082317311,FREE
146,car0,10.4,68.14550352962769,FREE
146,car2,7.800000000000001,58.68635095434976,FREE
147,car0,13.0,80.99694155101068,FREE
147,car2,10.4,68.92386141223056,FREE
148,car0,13.89,94.77302571112577,FREE
148,car2,13.0,81.77843109726575,FREE
149,car0,13.89,108.57816364769866,FREE
149,car2,13.89,95.55653305798567,FREE
150,car2,13.89,109.36294534133701,FREE
151,car2,13.89,123.18814960758732,FREE
152,car2,13.89,137.02645795644378,FREE
