step,vehicle,speed,distance_to_intersection,time_to_intersection,raw_decision,final_decision,conflict
0,car0,13.89,97.16946898540398,6.99564211557984,FREE,FREE,False
1,car0,13.89,83.33589966472377,5.999704799476153,FREE,FREE,False
2,car0,13.89,69.5242611457556,5.005346374784421,FREE,FREE,False
2,car1,13.032987,107.85692259382256,8.275687115610761,FREE,FREE,False
3,car0,13.89,55.750855129839394,4.013740470110827,FREE,FREE,False
3,car1,13.032987,94.86465607799397,7.27881153245944,FREE,FREE,False
4,car0,13.89,42.053264468579066,3.0275928343109477,PROCEED,PROCEED,False
4,car1,13.032987,81.88536031907589,6.282931174494065,FREE,FREE,False
4,car2,13.89,143.4596018890417,10.328265074805017,FREE,FREE,False
5,car0,12.28633333333333,30.083439004700942,2.4485286365366083,PROCEED,PROCEED,False
5,car1,13.032987,68.92636314775547,5.288608294303943,FREE,FREE,True
5,car2,13.89,129.6174966039146,9.331713218424376,FREE,FREE,False
6,car0,7.786333333333334,22.672944323839594,2.911889762897332,PROCEED,PROCEED,False
6,car1,13.032987,56.00175782393088,4.296924244912612,FREE,FREE,True
6,car2,13.89,115.78664171631453,8.335971325868577,FREE,FREE,False
6,car3,13.89,133.59474377038467,9.618052107299112,FREE,FREE,False
7,car0,3.2863333333333364,19.632547476284756,5.973997609174786,PROCEED,PROCEED,True
7,car1,13.032987,43.142464722900435,3.3102514966753542,WAIT,WAIT,True
7,car2,13.89,101.97161515044984,7.341368981313883,FREE,FREE,True
7,car3,13.89,119.7582214991177,8.621902195760812,FREE,FREE,True
8,car0,4.7748263676261615e-15,19.632547476284756,inf,PROCEED,PROCEED,False
8,car1,8.532987,34.79332323717914,4.077508056344061,WAIT,WAIT,False
8,car2,13.89,88.17985662958185,6.348441801985734,FREE,FREE,True
8,car3,13.89,105.935994238844,7.626781442681353,FREE,FREE,False
9,car0,4.7748263676261615e-15,19.632547476284756,inf,PROCEED,PROCEED,False
9,car1,4.032987,30.882234211587765,7.657409808558213,WAIT,WAIT,False
9,car2,13.89,74.424302861422,5.358121156329878,FREE,FREE,True
9,car3,13.89,92.1344959246898,6.633153054333318,FREE,FREE,True
10,car0,4.7748263676261615e-15,19.632547476284756,inf,PROCEED,PROCEED,False
10,car1,0.0,30.882234211587765,inf,WAIT,WAIT,False
10,car2,13.89,60.729560511966675,4.372178582574994,FREE,FREE,False
10,car3,13.89,78.36467959740932,5.641805586566545,FREE,FREE,False
11,car0,4.7748263676261615e-15,19.632547476284756,inf,PROCEED,PROCEED,False
11,car1,0.0,30.882234211587765,inf,WAIT,WAIT,False
11,car2,13.89,47.148649035974195,3.394431176096054,FREE,FREE,False
11,car3,13.89,64.64679329012537,4.654196781146535,FREE,FREE,False
12,car0,4.7748263676261615e-15,19.632547476284756,inf,PROCEED,PROCEED,False
12,car1,0.0,30.882234211587765,inf,WAIT,WAIT,False
12,car2,13.89,33.818983045491116,2.434771997515559,WAIT,WAIT,False
12,car3,13.89,51.02273965764107,3.6733433878791266,FREE,FREE,True
13,car0,4.7748263676261615e-15,19.632547476284756,inf,PROCEED,PROCEED,False
13,car1,0.0,30.882234211587765,inf,WAIT,WAIT,False
13,car2,9.39,25.15309650219404,2.678711022597874,WAIT,WAIT,True
13,car3,13.89,37.594670457796035,2.7065997449817156,WAIT,WAIT,True
14,car0,4.7748263676261615e-15,19.632547476284756,inf,PROCEED,PROCEED,False
14,car1,0.0,30.882234211587765,inf,WAIT,WAIT,False
14,car2,4.890000000000001,20.889297399849045,4.271839959069334,WAIT,WAIT,True
14,car3,9.39,28.767166275914157,3.0635959825254693,WAIT,WAIT,True
15,car0,4.7748263676261615e-15,19.632547476284756,inf,PROCEED,PROCEED,False
15,car1,0.0,30.882234211587765,inf,WAIT,WAIT,False
15,car2,0.39000000000000057,20.561240390005157,52.72112920514135,WAIT,WAIT,False
15,car3,4.890000000000001,24.33763322719293,4.9770211098554045,WAIT,WAIT,False
16,car0,4.7748263676261615e-15,19.632547476284756,inf,PROCEED,PROCEED,False
16,car1,0.0,30.882234211587765,inf,WAIT,WAIT,False
16,car2,0.0,20.561240390005157,inf,WAIT,WAIT,False
16,car3,0.39000000000000057,23.992067339033696,61.51812138213759,WAIT,WAIT,False
17,car0,4.7748263676261615e-15,19.632547476284756,inf,PROCEED,PROCEED,False
17,car1,0.0,30.882234211587765,inf,WAIT,WAIT,False
17,car2,0.0,20.561240390005157,inf,WAIT,WAIT,False
17,car3,0.0,23.992067339033696,inf,WAIT,WAIT,False
18,car0,4.7748263676261615e-15,19.632547476284756,inf,PROCEED,PROCEED,False
18,car1,0.0,30.882234211587765,inf,WAIT,WAIT,False
18,car2,0.0,20.561240390005157,inf,WAIT,WAIT,False
18,car3,0.0,23.992067339033696,inf,WAIT,WAIT,False
19,car0,4.7748263676261615e-15,19.632547476284756,inf,PROCEED,PROCEED,False
19,car1,0.0,30.882234211587765,inf,WAIT,WAIT,False
19,car2,0.0,20.561240390005157,inf,WAIT,WAIT,False
19,car3,0.0,23.992067339033696,inf,WAIT,WAIT,False
20,car0,4.7748263676261615e-15,19.632547476284756,inf,PROCEED,PROCEED,False
20,car1,0.0,30.882234211587765,inf,WAIT,WAIT,False
20,car2,0.0,20.561240390005157,inf,WAIT,WAIT,False
20,car3,0.0,23.992067339033696,inf,WAIT,WAIT,False
21,car0,4.7748263676261615e-15,19.632547476284756,inf,PROCEED,PROCEED,False
21,car1,0.0,30.882234211587765,inf,WAIT,WAIT,False
21,car2,0.0,20.561240390005157,inf,WAIT,WAIT,False
21,car3,0.0,23.992067339033696,inf,WAIT,WAIT,False
22,car0,4.7748263676261615e-15,19.632547476284756,inf,PROCEED,PROCEED,False
22,car1,0.0,30.882234211587765,inf,WAIT,WAIT,False
22,car2,0.0,20.561240390005157,inf,WAIT,WAIT,False
22,car3,0.0,23.992067339033696,inf,WAIT,WAIT,False
23,car0,4.7748263676261615e-15,19.632547476284756,inf,PROCEED,PROCEED,False
23,car1,0.0,30.882234211587765,inf,WAIT,WAIT,False
23,car2,0.0,20.561240390005157,inf,WAIT,WAIT,False
23,car3,0.0,23.992067339033696,inf,WAIT,WAIT,False
24,car0,4.7748263676261615e-15,19.632547476284756,inf,PROCEED,PROCEED,False
24,car1,0.0,30.882234211587765,inf,WAIT,WAIT,False
24,car2,0.0,20.561240390005157,inf,WAIT,WAIT,False
24,car3,0.0,23.992067339033696,inf,WAIT,WAIT,False
25,car0,4.7748263676261615e-15,19.632547476284756,inf,PROCEED,PROCEED,False
25,car1,0.0,30.882234211587765,inf,WAIT,WAIT,False
25,car2,0.0,20.561240390005157,inf,WAIT,WAIT,False
25,car3,0.0,23.992067339033696,inf,WAIT,WAIT,False
26,car0,4.7748263676261615e-15,19.632547476284756,inf,PROCEED,PROCEED,False
26,car1,0.0,30.882234211587765,inf,WAIT,WAIT,False
26,car2,0.0,20.561240390005157,inf,WAIT,WAIT,False
26,car3,0.0,23.992067339033696,inf,WAIT,WAIT,False
27,car0,4.7748263676261615e-15,19.632547476284756,inf,PROCEED,PROCEED,False
27,car1,0.0,30.882234211587765,inf,WAIT,WAIT,False
27,car2,0.0,20.561240390005157,inf,WAIT,WAIT,False
27,car3,0.0,23.992067339033696,inf,WAIT,WAIT,False
28,car0,4.7748263676261615e-15,19.632547476284756,inf,PROCEED,PROCEED,False
28,car1,0.0,30.882234211587765,inf,WAIT,WAIT,False
28,car2,0.0,20.561240390005157,inf,WAIT,WAIT,False
28,car3,0.0,23.992067339033696,inf,WAIT,WAIT,False
29,car0,4.7748263676261615e-15,19.632547476284756,inf,PROCEED,PROCEED,False
29,car1,0.0,30.882234211587765,inf,WAIT,WAIT,False
29,car2,0.0,20.561240390005157,inf,WAIT,WAIT,False
29,car3,0.0,23.992067339033696,inf,WAIT,WAIT,False
30,car0,4.7748263676261615e-15,19.632547476284756,inf,PROCEED,PROCEED,False
30,car1,0.0,30.882234211587765,inf,WAIT,WAIT,False
30,car2,0.0,20.561240390005157,inf,WAIT,WAIT,False
30,car3,0.0,23.992067339033696,inf,WAIT,WAIT,False
31,car0,4.7748263676261615e-15,19.632547476284756,inf,PROCEED,PROCEED,False
31,car1,0.0,30.882234211587765,inf,WAIT,WAIT,False
31,car2,0.0,20.561240390005157,inf,WAIT,WAIT,False
31,car3,0.0,23.992067339033696,inf,WAIT,WAIT,False
32,car0,4.7748263676261615e-15,19.632547476284756,inf,PROCEED,PROCEED,False
32,car1,0.0,30.882234211587765,inf,WAIT,WAIT,False
32,car2,0.0,20.561240390005157,inf,WAIT,WAIT,False
32,car3,0.0,23.992067339033696,inf,WAIT,WAIT,False
33,car0,4.7748263676261615e-15,19.632547476284756,inf,PROCEED,PROCEED,False
33,car1,0.0,30.882234211587765,inf,WAIT,WAIT,False
33,car2,0.0,20.561240390005157,inf,WAIT,WAIT,False
33,car3,0.0,23.992067339033696,inf,WAIT,WAIT,False
34,car0,4.7748263676261615e-15,19.632547476284756,inf,PROCEED,PROCEED,False
34,car1,0.0,30.882234211587765,inf,WAIT,WAIT,False
34,car2,0.0,20.561240390005157,inf,WAIT,WAIT,False
34,car3,0.0,23.992067339033696,inf,WAIT,WAIT,False
35,car0,4.7748263676261615e-15,19.632547476284756,inf,PROCEED,PROCEED,False
35,car1,0.0,30.882234211587765,inf,WAIT,WAIT,False
35,car2,0.0,20.561240390005157,inf,WAIT,WAIT,False
35,car3,0.0,23.992067339033696,inf,WAIT,WAIT,False
36,car0,4.7748263676261615e-15,19.632547476284756,inf,PROCEED,PROCEED,False
36,car1,0.0,30.882234211587765,inf,WAIT,WAIT,False
36,car2,0.0,20.561240390005157,inf,WAIT,WAIT,False
36,car3,0.0,23.992067339033696,inf,WAIT,WAIT,False
37,car0,4.7748263676261615e-15,19.632547476284756,inf,PROCEED,PROCEED,False
37,car1,0.0,30.882234211587765,inf,WAIT,WAIT,False
37,car2,0.0,20.561240390005157,inf,WAIT,WAIT,False
37,car3,0.0,23.992067339033696,inf,WAIT,WAIT,False
38,car0,4.7748263676261615e-15,19.632547476284756,inf,PROCEED,PROCEED,False
38,car1,0.0,30.882234211587765,inf,WAIT,WAIT,False
38,car2,0.0,20.561240390005157,inf,WAIT,WAIT,False
38,car3,0.0,23.992067339033696,inf,WAIT,WAIT,False
39,car0,4.7748263676261615e-15,19.632547476284756,inf,PROCEED,PROCEED,False
39,car1,0.0,30.882234211587765,inf,WAIT,WAIT,False
39,car2,0.0,20.561240390005157,inf,WAIT,WAIT,False
39,car3,0.0,23.992067339033696,inf,WAIT,WAIT,False
40,car0,4.7748263676261615e-15,19.632547476284756,inf,PROCEED,PROCEED,False
40,car1,0.0,30.882234211587765,inf,WAIT,WAIT,False
40,car2,0.0,20.561240390005157,inf,WAIT,WAIT,False
40,car3,0.0,23.992067339033696,inf,WAIT,WAIT,False
41,car0,2.600000000000005,17.3235563275327,6.662906279820256,PROCEED,PROCEED,False
41,car1,0.0,30.882234211587765,inf,WAIT,WAIT,False
41,car2,0.0,20.561240390005157,inf,WAIT,WAIT,False
41,car3,0.0,23.992067339033696,inf,WAIT,WAIT,False
42,car0,5.200000000000005,13.103167821091775,2.51983996559457,PROCEED,PROCEED,False
42,car1,0.0,30.882234211587765,inf,WAIT,WAIT,False
42,car2,0.0,20.561240390005157,inf,WAIT,WAIT,False
42,car3,0.0,23.992067339033696,inf,WAIT,WAIT,False
43,car0,7.800000000000004,9.49587935175243,1.2174204297118494,PROCEED,PROCEED,False
43,car1,0.0,30.882234211587765,inf,WAIT,WAIT,False
43,car2,0.0,20.561240390005157,inf,WAIT,WAIT,False
43,car3,0.0,23.992067339033696,inf,WAIT,WAIT,False
44,car0,10.400000000000004,13.336128224890123,1.2823200216240498,PROCEED,PROCEED,False
44,car1,0.0,30.882234211587765,inf,WAIT,WAIT,False
44,car2,0.0,20.561240390005157,inf,WAIT,WAIT,False
44,car3,0.0,23.992067339033696,inf,WAIT,WAIT,False
45,car0,13.000000000000004,23.72875422634077,1.825288786641597,WAIT,WAIT,False
45,car1,0.0,30.882234211587765,inf,WAIT,WAIT,False
45,car2,0.0,20.561240390005157,inf,PROCEED,PROCEED,False
45,car3,0.0,23.992067339033696,inf,WAIT,WAIT,False
46,car0,8.500000000000004,31.47882348984815,3.7033909988056632,WAIT,WAIT,False
46,car1,0.0,30.882234211587765,inf,WAIT,WAIT,False
46,car2,0.0,20.561240390005157,inf,PROCEED,PROCEED,False
46,car3,0.0,23.992067339033696,inf,WAIT,WAIT,False
47,car0,4.0000000000000036,35.24576682991362,8.811441707478398,WAIT,WAIT,False
47,car1,0.0,30.882234211587765,inf,WAIT,WAIT,False
47,car2,0.0,20.561240390005157,inf,PROCEED,PROCEED,False
47,car3,0.0,23.992067339033696,inf,WAIT,WAIT,False
48,car0,0.0,35.24576682991362,inf,WAIT,WAIT,False
48,car1,0.0,30.882234211587765,inf,WAIT,WAIT,False
48,car2,0.0,20.561240390005157,inf,PROCEED,PROCEED,False
48,car3,0.0,23.992067339033696,inf,WAIT,WAIT,False
49,car0,0.0,35.24576682991362,inf,WAIT,WAIT,False
49,car1,0.0,30.882234211587765,inf,WAIT,WAIT,False
49,car2,0.0,20.561240390005157,inf,PROCEED,PROCEED,False
49,car3,0.0,23.992067339033696,inf,WAIT,WAIT,False
50,car0,0.0,35.24576682991362,inf,WAIT,WAIT,False
50,car1,0.0,30.882234211587765,inf,WAIT,WAIT,False
50,car2,0.0,20.561240390005157,inf,PROCEED,PROCEED,False
50,car3,0.0,23.992067339033696,inf,WAIT,WAIT,False
51,car0,0.0,35.24576682991362,inf,WAIT,WAIT,False
51,car1,0.0,30.882234211587765,inf,WAIT,WAIT,False
51,car2,0.0,20.561240390005157,inf,PROCEED,PROCEED,False
51,car3,0.0,23.992067339033696,inf,WAIT,WAIT,False
52,car0,0.0,35.24576682991362,inf,WAIT,WAIT,False
52,car1,0.0,30.882234211587765,inf,WAIT,WAIT,False
52,car2,0.0,20.561240390005157,inf,PROCEED,PROCEED,False
52,car3,0.0,23.992067339033696,inf,WAIT,WAIT,False
53,car0,0.0,35.24576682991362,inf,WAIT,WAIT,False
53,car1,0.0,30.882234211587765,inf,WAIT,WAIT,False
53,car2,0.0,20.561240390005157,inf,PROCEED,PROCEED,False
53,car3,0.0,23.992067339033696,inf,WAIT,WAIT,False
54,car0,0.0,35.24576682991362,inf,WAIT,WAIT,False
54,car1,0.0,30.882234211587765,inf,WAIT,WAIT,False
54,car2,0.0,20.561240390005157,inf,PROCEED,PROCEED,False
54,car3,0.0,23.992067339033696,inf,WAIT,WAIT,False
55,car0,0.0,35.24576682991362,inf,WAIT,WAIT,False
55,car1,0.0,30.882234211587765,inf,WAIT,WAIT,False
55,car2,0.0,20.561240390005157,inf,PROCEED,PROCEED,False
55,car3,0.0,23.992067339033696,inf,WAIT,WAIT,False
56,car0,0.0,35.24576682991362,inf,WAIT,WAIT,False
56,car1,0.0,30.882234211587765,inf,WAIT,WAIT,False
56,car2,0.0,20.561240390005157,inf,PROCEED,PROCEED,False
56,car3,0.0,23.992067339033696,inf,WAIT,WAIT,False
57,car0,0.0,35.24576682991362,inf,WAIT,WAIT,False
57,car1,0.0,30.882234211587765,inf,WAIT,WAIT,False
57,car2,0.0,20.561240390005157,inf,PROCEED,PROCEED,False
57,car3,0.0,23.992067339033696,inf,WAIT,WAIT,False
58,car0,0.0,35.24576682991362,inf,WAIT,WAIT,False
58,car1,0.0,30.882234211587765,inf,WAIT,WAIT,False
58,car2,0.0,20.561240390005157,inf,PROCEED,PROCEED,False
58,car3,0.0,23.992067339033696,inf,WAIT,WAIT,False
59,car0,0.0,35.24576682991362,inf,WAIT,WAIT,False
59,car1,0.0,30.882234211587765,inf,WAIT,WAIT,False
59,car2,0.0,20.561240390005157,inf,PROCEED,PROCEED,False
59,car3,0.0,23.992067339033696,inf,WAIT,WAIT,False
60,car0,0.0,35.24576682991362,inf,WAIT,WAIT,False
60,car1,0.0,30.882234211587765,inf,WAIT,WAIT,False
60,car2,0.0,20.561240390005157,inf,PROCEED,PROCEED,False
60,car3,0.0,23.992067339033696,inf,WAIT,WAIT,False
61,car0,0.0,35.24576682991362,inf,WAIT,WAIT,False
61,car1,0.0,30.882234211587765,inf,WAIT,WAIT,False
61,car2,0.0,20.561240390005157,inf,PROCEED,PROCEED,False
61,car3,0.0,23.992067339033696,inf,WAIT,WAIT,False
62,car0,0.0,35.24576682991362,inf,WAIT,WAIT,False
62,car1,0.0,30.882234211587765,inf,WAIT,WAIT,False
62,car2,0.0,20.561240390005157,inf,PROCEED,PROCEED,False
62,car3,0.0,23.992067339033696,inf,WAIT,WAIT,False
63,car0,0.0,35.24576682991362,inf,WAIT,WAIT,False
63,car1,0.0,30.882234211587765,inf,WAIT,WAIT,False
63,car2,0.0,20.561240390005157,inf,PROCEED,PROCEED,False
63,car3,0.0,23.992067339033696,inf,WAIT,WAIT,False
64,car0,0.0,35.24576682991362,inf,WAIT,WAIT,False
64,car1,0.0,30.882234211587765,inf,WAIT,WAIT,False
64,car2,0.0,20.561240390005157,inf,PROCEED,PROCEED,False
64,car3,0.0,23.992067339033696,inf,WAIT,WAIT,False
65,car0,0.0,35.24576682991362,inf,WAIT,WAIT,False
65,car1,0.0,30.882234211587765,inf,WAIT,WAIT,False
65,car2,0.0,20.561240390005157,inf,PROCEED,PROCEED,False
65,car3,0.0,23.992067339033696,inf,WAIT,WAIT,False
66,car0,0.0,35.24576682991362,inf,WAIT,WAIT,False
66,car1,0.0,30.882234211587765,inf,WAIT,WAIT,False
66,car2,0.0,20.561240390005157,inf,PROCEED,PROCEED,False
66,car3,0.0,23.992067339033696,inf,WAIT,WAIT,False
67,car0,0.0,35.24576682991362,inf,WAIT,WAIT,False
67,car1,0.0,30.882234211587765,inf,WAIT,WAIT,False
67,car2,0.0,20.561240390005157,inf,PROCEED,PROCEED,False
67,car3,0.0,23.992067339033696,inf,WAIT,WAIT,False
68,car0,0.0,35.24576682991362,inf,WAIT,WAIT,False
68,car1,0.0,30.882234211587765,inf,WAIT,WAIT,False
68,car2,0.0,20.561240390005157,inf,PROCEED,PROCEED,False
68,car3,0.0,23.992067339033696,inf,WAIT,WAIT,False
69,car0,0.0,35.24576682991362,inf,WAIT,WAIT,False
69,car1,0.0,30.882234211587765,inf,WAIT,WAIT,False
69,car2,0.0,20.561240390005157,inf,PROCEED,PROCEED,False
69,car3,0.0,23.992067339033696,inf,WAIT,WAIT,False
70,car0,0.0,35.24576682991362,inf,WAIT,WAIT,False
70,car1,0.0,30.882234211587765,inf,WAIT,WAIT,False
70,car2,0.0,20.561240390005157,inf,PROCEED,PROCEED,False
70,car3,0.0,23.992067339033696,inf,WAIT,WAIT,False
71,car0,0.0,35.24576682991362,inf,WAIT,WAIT,False
71,car1,0.0,30.882234211587765,inf,WAIT,WAIT,False
71,car2,0.0,20.561240390005157,inf,PROCEED,PROCEED,False
71,car3,0.0,23.992067339033696,inf,WAIT,WAIT,False
72,car0,0.0,35.24576682991362,inf,WAIT,WAIT,False
72,car1,0.0,30.882234211587765,inf,WAIT,WAIT,False
72,car2,0.0,20.561240390005157,inf,PROCEED,PROCEED,False
72,car3,0.0,23.992067339033696,inf,WAIT,WAIT,False
73,car0,0.0,35.24576682991362,inf,WAIT,WAIT,False
73,car1,0.0,30.882234211587765,inf,WAIT,WAIT,False
73,car2,0.0,20.561240390005157,inf,PROCEED,PROCEED,False
73,car3,0.0,23.992067339033696,inf,WAIT,WAIT,False
74,car0,0.0,35.24576682991362,inf,WAIT,WAIT,False
74,car1,0.0,30.882234211587765,inf,WAIT,WAIT,False
74,car2,0.0,20.561240390005157,inf,PROCEED,PROCEED,False
74,car3,0.0,23.992067339033696,inf,WAIT,WAIT,False
75,car0,0.0,35.24576682991362,inf,WAIT,WAIT,False
75,car1,0.0,30.882234211587765,inf,WAIT,WAIT,False
75,car2,0.0,20.561240390005157,inf,PROCEED,PROCEED,False
75,car3,0.0,23.992067339033696,inf,WAIT,WAIT,False
76,car0,0.0,35.24576682991362,inf,WAIT,WAIT,False
76,car1,0.0,30.882234211587765,inf,WAIT,WAIT,False
76,car2,0.0,20.561240390005157,inf,PROCEED,PROCEED,False
76,car3,0.0,23.992067339033696,inf,WAIT,WAIT,False
77,car0,0.0,35.24576682991362,inf,WAIT,WAIT,False
77,car1,0.0,30.882234211587765,inf,WAIT,WAIT,False
77,car2,0.0,20.561240390005157,inf,PROCEED,PROCEED,False
77,car3,0.0,23.992067339033696,inf,WAIT,WAIT,False
78,car0,0.0,35.24576682991362,inf,WAIT,WAIT,False
78,car1,0.0,30.882234211587765,inf,WAIT,WAIT,False
78,car2,0.0,20.561240390005157,inf,PROCEED,PROCEED,False
78,car3,0.0,23.992067339033696,inf,WAIT,WAIT,False
79,car0,0.0,35.24576682991362,inf,WAIT,WAIT,False
79,car1,0.0,30.882234211587765,inf,WAIT,WAIT,False
79,car2,0.0,20.561240390005157,inf,PROCEED,PROCEED,False
79,car3,0.0,23.992067339033696,inf,WAIT,WAIT,False
80,car0,0.0,35.24576682991362,inf,WAIT,WAIT,False
80,car1,0.0,30.882234211587765,inf,WAIT,WAIT,False
80,car2,0.0,20.561240390005157,inf,PROCEED,PROCEED,False
80,car3,0.0,23.992067339033696,inf,WAIT,WAIT,False
81,car0,0.0,35.24576682991362,inf,WAIT,WAIT,False
81,car1,0.0,30.882234211587765,inf,WAIT,WAIT,False
81,car2,0.0,20.561240390005157,inf,PROCEED,PROCEED,False
81,car3,0.0,23.992067339033696,inf,WAIT,WAIT,False
82,car0,0.0,35.24576682991362,inf,WAIT,WAIT,False
82,car1,0.0,30.882234211587765,inf,WAIT,WAIT,False
82,car2,0.0,20.561240390005157,inf,PROCEED,PROCEED,False
82,car3,0.0,23.992067339033696,inf,WAIT,WAIT,False
83,car0,0.0,35.24576682991362,inf,WAIT,WAIT,False
83,car1,0.0,30.882234211587765,inf,WAIT,WAIT,False
83,car2,0.0,20.561240390005157,inf,PROCEED,PROCEED,False
83,car3,0.0,23.992067339033696,inf,WAIT,WAIT,False
84,car0,0.0,35.24576682991362,inf,WAIT,WAIT,False
84,car1,0.0,30.882234211587765,inf,WAIT,WAIT,False
84,car2,0.0,20.561240390005157,inf,PROCEED,PROCEED,False
84,car3,0.0,23.992067339033696,inf,WAIT,WAIT,False
85,car0,0.0,35.24576682991362,inf,WAIT,WAIT,False
85,car1,0.0,30.882234211587765,inf,WAIT,WAIT,False
85,car2,0.0,20.561240390005157,inf,PROCEED,PROCEED,False
85,car3,0.0,23.992067339033696,inf,WAIT,WAIT,False
86,car0,0.0,35.24576682991362,inf,WAIT,WAIT,False
86,car1,0.0,30.882234211587765,inf,WAIT,WAIT,False
86,car2,0.0,20.561240390005157,inf,PROCEED,PROCEED,False
86,car3,0.0,23.992067339033696,inf,WAIT,WAIT,False
87,car0,0.0,35.24576682991362,inf,WAIT,WAIT,False
87,car1,0.0,30.882234211587765,inf,WAIT,WAIT,False
87,car2,0.0,20.561240390005157,inf,PROCEED,PROCEED,False
87,car3,0.0,23.992067339033696,inf,WAIT,WAIT,False
88,car0,0.0,35.24576682991362,inf,WAIT,WAIT,False
88,car1,0.0,30.882234211587765,inf,WAIT,WAIT,False
88,car2,0.0,20.561240390005157,inf,PROCEED,PROCEED,False
88,car3,0.0,23.992067339033696,inf,WAIT,WAIT,False
89,car0,0.0,35.24576682991362,inf,WAIT,WAIT,False
89,car1,0.0,30.882234211587765,inf,WAIT,WAIT,False
89,car2,0.0,20.561240390005157,inf,PROCEED,PROCEED,False
89,car3,0.0,23.992067339033696,inf,WAIT,WAIT,False
90,car0,0.0,35.24576682991362,inf,WAIT,WAIT,False
90,car1,0.0,30.882234211587765,inf,WAIT,WAIT,False
90,car2,2.6,18.427449154912594,7.087480444197151,PROCEED,PROCEED,False
90,car3,0.0,23.992067339033696,inf,WAIT,WAIT,False
91,car0,0.0,35.24576682991362,inf,WAIT,WAIT,False
91,car1,0.0,30.882234211587765,inf,WAIT,WAIT,False
91,car2,5.2,14.620316337096893,2.811599295595556,PROCEED,PROCEED,False
91,car3,0.0,23.992067339033696,inf,WAIT,WAIT,False
92,car0,0.0,35.24576682991362,inf,WAIT,WAIT,False
92,car1,0.0,30.882234211587765,inf,WAIT,WAIT,False
92,car2,7.800000000000001,11.255006675903491,1.4429495738337808,PROCEED,PROCEED,False
92,car3,0.0,23.992067339033696,inf,WAIT,WAIT,False
93,car0,0.0,35.24576682991362,inf,WAIT,WAIT,False
93,car1,0.0,30.882234211587765,inf,WAIT,WAIT,False
93,car2,10.4,14.153173070801131,1.3608820260385703,PROCEED,PROCEED,False
93,car3,0.0,23.992067339033696,inf,WAIT,WAIT,False
94,car0,0.0,35.24576682991362,inf,WAIT,WAIT,False
94,car1,0.0,30.882234211587765,inf,WAIT,WAIT,False
94,car2,13.0,24.425913856633088,1.8789164505102376,WAIT,WAIT,False
94,car3,0.0,23.992067339033696,inf,PROCEED,PROCEED,False
95,car0,0.0,35.24576682991362,inf,WAIT,WAIT,False
95,car1,0.0,30.882234211587765,inf,WAIT,WAIT,False
95,car2,8.5,32.21670263263357,3.7902003097215964,WAIT,WAIT,False
95,car3,2.6,21.72680200185003,8.356462308403858,PROCEED,PROCEED,False
96,car0,0.0,35.24576682991362,inf,WAIT,WAIT,False
96,car1,0.0,30.882234211587765,inf,WAIT,WAIT,False
96,car2,4.0,35.99419456403629,8.998548641009073,WAIT,WAIT,False
96,car3,5.2,17.490297530232446,3.363518755813932,PROCEED,PROCEED,False
97,car0,0.0,35.24576682991362,inf,WAIT,WAIT,False
97,car1,0.0,30.882234211587765,inf,WAIT,WAIT,False
97,car2,0.0,35.99419456403629,inf,WAIT,WAIT,False
97,car3,7.800000000000001,12.577855553964515,1.6125455838416043,PROCEED,PROCEED,False
98,car0,0.0,35.24576682991362,inf,WAIT,WAIT,False
98,car1,0.0,30.882234211587765,inf,WAIT,WAIT,False
98,car2,0.0,35.99419456403629,inf,WAIT,WAIT,False
98,car3,10.4,12.251751980376977,1.1780530750362477,PROCEED,PROCEED,False
99,car0,0.0,35.24576682991362,inf,WAIT,WAIT,False
99,car1,0.0,30.882234211587765,inf,WAIT,WAIT,False
99,car2,0.0,35.99419456403629,inf,WAIT,WAIT,False
99,car3,13.0,21.062159574924944,1.6201661211480727,PROCEED,PROCEED,False
100,car0,0.0,35.24576682991362,inf,WAIT,WAIT,False
100,car1,0.0,30.882234211587765,inf,PROCEED,PROCEED,False
100,car2,0.0,35.99419456403629,inf,WAIT,WAIT,False
100,car3,13.89,33.6466980620546,2.4223684709902518,WAIT,WAIT,False
101,car0,0.0,35.24576682991362,inf,WAIT,WAIT,False
101,car1,2.6,28.37891983131552,10.914969165890584,PROCEED,PROCEED,False
101,car2,0.0,35.99419456403629,inf,WAIT,WAIT,False
101,car3,9.39,42.61577917454193,4.538421637331409,WAIT,WAIT,False
102,car0,0.0,35.24576682991362,inf,WAIT,WAIT,False
102,car1,5.2,23.435550657873623,4.506836664975697,PROCEED,PROCEED,False
102,car2,0.0,35.99419456403629,inf,WAIT,WAIT,False
102,car3,4.890000000000001,47.35114877351784,9.683261507876859,FREE,FREE,False
103,car0,0.0,35.24576682991362,inf,WAIT,WAIT,False
103,car1,4.108090999999992,19.62423205524667,4.7769711175450364,PROCEED,PROCEED,False
103,car2,0.0,35.99419456403629,inf,WAIT,WAIT,False
103,car3,7.49,54.65701293911414,7.2973315005492845,FREE,FREE,True
104,car0,0.0,35.24576682991362,inf,WAIT,WAIT,False
104,car1,4.7748263676261615e-15,19.62423205524667,inf,PROCEED,PROCEED,False
104,car2,0.0,35.99419456403629,inf,WAIT,WAIT,False
104,car3,10.09,64.565520419011,6.398961389396531,FREE,FREE,False
105,car0,0.0,35.24576682991362,inf,WAIT,WAIT,False
105,car1,4.7748263676261615e-15,19.62423205524667,inf,PROCEED,PROCEED,False
105,car2,0.0,35.99419456403629,inf,WAIT,WAIT,False
105,car3,12.69,77.09388084247335,6.075167915088523,FREE,FREE,False
106,car0,0.0,35.24576682991362,inf,WAIT,WAIT,False
106,car1,4.7748263676261615e-15,19.62423205524667,inf,PROCEED,PROCEED,False
106,car2,0.0,35.99419456403629,inf,WAIT,WAIT,False
106,car3,13.89,90.85812921960445,6.541262002851292,FREE,FREE,False
107,car0,0.0,35.24576682991362,inf,WAIT,WAIT,False
107,car1,4.7748263676261615e-15,19.62423205524667,inf,PROCEED,PROCEED,False
107,car2,0.0,35.99419456403629,inf,WAIT,WAIT,False
107,car3,13.89,104.65536655896864,7.5345836255556975,FREE,FREE,False
108,car0,0.0,35.24576682991362,inf,WAIT,WAIT,False
108,car1,4.7748263676261615e-15,19.62423205524667,inf,PROCEED,PROCEED,False
108,car2,0.0,35.99419456403629,inf,WAIT,WAIT,False
108,car3,13.89,118.47406794852091,8.529450536250605,FREE,FREE,False
109,car0,0.0,35.24576682991362,inf,WAIT,WAIT,False
109,car1,4.7748263676261615e-15,19.62423205524667,inf,PROCEED,PROCEED,False
109,car2,0.0,35.99419456403629,inf,WAIT,WAIT,False
109,car3,13.89,132.3075081970872,9.525378559905485,FREE,FREE,False
110,car0,0.0,35.24576682991362,inf,WAIT,WAIT,False
110,car1,4.7748263676261615e-15,19.62423205524667,inf,PROCEED,PROCEED,False
110,car2,0.0,35.99419456403629,inf,WAIT,WAIT,False
110,car3,13.89,146.1515022048926,10.522066393440792,FREE,FREE,False
111,car0,0.0,35.24576682991362,inf,WAIT,WAIT,False
111,car1,4.7748263676261615e-15,19.62423205524667,inf,PROCEED,PROCEED,False
111,car2,0.0,35.99419456403629,inf,WAIT,WAIT,False
112,car0,0.0,35.24576682991362,inf,WAIT,WAIT,False
112,car1,4.7748263676261615e-15,19.62423205524667,inf,PROCEED,PROCEED,False
112,car2,0.0,35.99419456403629,inf,WAIT,WAIT,False
113,car0,0.0,35.24576682991362,inf,WAIT,WAIT,False
113,car1,4.7748263676261615e-15,19.62423205524667,inf,PROCEED,PROCEED,False
113,car2,0.0,35.99419456403629,inf,WAIT,WAIT,False
114,car0,0.0,35.24576682991362,inf,WAIT,WAIT,False
114,car1,4.7748263676261615e-15,19.62423205524667,inf,PROCEED,PROCEED,False
114,car2,0.0,35.99419456403629,inf,WAIT,WAIT,False
115,car0,0.0,35.24576682991362,inf,WAIT,WAIT,False
115,car1,4.7748263676261615e-15,19.62423205524667,inf,PROCEED,PROCEED,False
115,car2,0.0,35.99419456403629,inf,WAIT,WAIT,False
116,car0,0.0,35.24576682991362,inf,WAIT,WAIT,False
116,car1,4.7748263676261615e-15,19.62423205524667,inf,PROCEED,PROCEED,False
116,car2,0.0,35.99419456403629,inf,WAIT,WAIT,False
117,car0,0.0,35.24576682991362,inf,WAIT,WAIT,False
117,car1,4.7748263676261615e-15,19.62423205524667,inf,PROCEED,PROCEED,False
117,car2,0.0,35.99419456403629,inf,WAIT,WAIT,False
118,car0,0.0,35.24576682991362,inf,WAIT,WAIT,False
118,car1,4.7748263676261615e-15,19.62423205524667,inf,PROCEED,PROCEED,False
118,car2,0.0,35.99419456403629,inf,WAIT,WAIT,False
119,car0,0.0,35.24576682991362,inf,WAIT,WAIT,False
119,car1,4.7748263676261615e-15,19.62423205524667,inf,PROCEED,PROCEED,False
119,car2,0.0,35.99419456403629,inf,WAIT,WAIT,False
120,car0,0.0,35.24576682991362,inf,WAIT,WAIT,False
120,car1,4.7748263676261615e-15,19.62423205524667,inf,PROCEED,PROCEED,False
120,car2,0.0,35.99419456403629,inf,WAIT,WAIT,False
121,car0,0.0,35.24576682991362,inf,WAIT,WAIT,False
121,car1,4.7748263676261615e-15,19.62423205524667,inf,PROCEED,PROCEED,False
121,car2,0.0,35.99419456403629,inf,WAIT,WAIT,False
122,car0,0.0,35.24576682991362,inf,WAIT,WAIT,False
122,car1,4.7748263676261615e-15,19.62423205524667,inf,PROCEED,PROCEED,False
122,car2,0.0,35.99419456403629,inf,WAIT,WAIT,False
123,car0,0.0,35.24576682991362,inf,WAIT,WAIT,False
123,car1,4.7748263676261615e-15,19.62423205524667,inf,PROCEED,PROCEED,False
123,car2,0.0,35.99419456403629,inf,WAIT,WAIT,False
124,car0,0.0,35.24576682991362,inf,WAIT,WAIT,False
124,car1,4.7748263676261615e-15,19.62423205524667,inf,PROCEED,PROCEED,False
124,car2,0.0,35.99419456403629,inf,WAIT,WAIT,False
125,car0,0.0,35.24576682991362,inf,WAIT,WAIT,False
125,car1,4.7748263676261615e-15,19.62423205524667,inf,PROCEED,PROCEED,False
125,car2,0.0,35.99419456403629,inf,WAIT,WAIT,False
126,car0,0.0,35.24576682991362,inf,WAIT,WAIT,False
126,car1,4.7748263676261615e-15,19.62423205524667,inf,PROCEED,PROCEED,False
126,car2,0.0,35.99419456403629,inf,WAIT,WAIT,False
127,car0,0.0,35.24576682991362,inf,WAIT,WAIT,False
127,car1,4.7748263676261615e-15,19.62423205524667,inf,PROCEED,PROCEED,False
127,car2,0.0,35.99419456403629,inf,WAIT,WAIT,False
128,car0,0.0,35.24576682991362,inf,WAIT,WAIT,False
128,car1,4.7748263676261615e-15,19.62423205524667,inf,PROCEED,PROCEED,False
128,car2,0.0,35.99419456403629,inf,WAIT,WAIT,False
129,car0,0.0,35.24576682991362,inf,WAIT,WAIT,False
129,car1,4.7748263676261615e-15,19.62423205524667,inf,PROCEED,PROCEED,False
129,car2,0.0,35.99419456403629,inf,WAIT,WAIT,False
130,car0,0.0,35.24576682991362,inf,WAIT,WAIT,False
130,car1,4.7748263676261615e-15,19.62423205524667,inf,PROCEED,PROCEED,False
130,car2,0.0,35.99419456403629,inf,WAIT,WAIT,False
131,car0,0.0,35.24576682991362,inf,WAIT,WAIT,False
131,car1,2.600000000000005,17.318755845991706,6.6610599407660285,PROCEED,PROCEED,False
131,car2,0.0,35.99419456403629,inf,WAIT,WAIT,False
132,car0,0.0,35.24576682991362,inf,WAIT,WAIT,False
132,car1,5.200000000000005,13.11038645247213,2.5212281639369456,PROCEED,PROCEED,False
132,car2,0.0,35.99419456403629,inf,WAIT,WAIT,False
133,car0,0.0,35.24576682991362,inf,WAIT,WAIT,False
133,car1,7.800000000000004,9.538989391255987,1.222947357853331,PROCEED,PROCEED,False
133,car2,0.0,35.99419456403629,inf,WAIT,WAIT,False
134,car0,0.0,35.24576682991362,inf,WAIT,WAIT,False
134,car1,10.400000000000004,13.426687747973482,1.2910276680743729,PROCEED,PROCEED,False
134,car2,0.0,35.99419456403629,inf,WAIT,WAIT,False
135,car0,0.0,35.24576682991362,inf,WAIT,WAIT,False
135,car1,13.000000000000004,23.833879565727734,1.8333753512098252,PROCEED,PROCEED,False
135,car2,0.0,35.99419456403629,inf,WAIT,WAIT,False
136,car0,0.0,35.24576682991362,inf,PROCEED,PROCEED,False
136,car1,13.032987,35.863618543364105,2.751757409361653,WAIT,WAIT,False
136,car2,0.0,35.99419456403629,inf,WAIT,WAIT,False
137,car0,2.6,37.72002580847449,14.507702234028649,WAIT,WAIT,False
137,car1,8.532987,44.049618871015156,5.162274227186231,WAIT,WAIT,False
137,car2,0.0,35.99419456403629,inf,PROCEED,PROCEED,False
138,car0,0.0,37.72002580847449,inf,PROCEED,PROCEED,False
138,car1,4.032987,47.960611635734885,11.89208188266783,FREE,FREE,True
138,car2,2.6,38.473692167368085,14.797573910526186,WAIT,WAIT,False
139,car0,2.6,40.21015786143991,15.465445331323043,WAIT,WAIT,False
139,car1,6.632987,54.43155730899876,8.206190862276491,FREE,FREE,False
139,car2,0.0,38.473692167368085,inf,PROCEED,PROCEED,False
140,car0,0.0,40.21015786143991,inf,PROCEED,PROCEED,False
140,car1,9.232987,63.494445164064224,6.876912657200127,FREE,FREE,False
140,car2,2.6,40.96813291039139,15.75697419630438,WAIT,WAIT,False
141,car0,2.6,42.713386943421504,16.42822574746981,WAIT,WAIT,False
141,car1,11.832987,75.16964431890504,6.352550232574839,FREE,FREE,False
141,car2,0.0,40.96813291039139,inf,PROCEED,PROCEED,False
142,car0,0.0,42.713386943421504,inf,PROCEED,PROCEED,False
142,car1,13.032987,88.07721116367384,6.758021868944843,FREE,FREE,False
142,car2,2.6,43.4749447134321,16.72113258208927,WAIT,WAIT,False
143,car0,2.6,45.22753844508429,17.39520709426319,FREE,FREE,False
143,car1,13.032987,101.0166418615418,7.750843445293224,FREE,FREE,False
143,car2,0.0,43.4749447134321,inf,PROCEED,PROCEED,False
144,car0,5.2,50.28204843786315,9.669624699589068,FREE,FREE,False
144,car2,2.6,45.99210475730432,17.68927106050166,FREE,FREE,False
145,car0,7.800000000000001,57.912148917270706,7.424634476573167,FREE,FREE,False
145,car2,5.2,51.05134082317311,9.817565542917906,FREE,FREE,False
146,car0,10.4,68.14550352962769,6.5524522624642,FREE,FREE,False
146,car2,7.800000000000001,58.68635095434976,7.523891147993559,FREE,FREE,False
147,car0,13.0,80.99694155101068,6.23053396546236,FREE,FREE,False
147,car2,10.4,68.92386141223056,6.627294366560631,FREE,FREE,False
148,car0,13.89,94.77302571112577,6.823112002240876,FREE,FREE,False
148,car2,13.0,81.77843109726575,6.29064854594352,FREE,FREE,False
149,car0,13.89,108.57816364769866,7.817002422440508,FREE,FREE,False
149,car2,13.89,95.55653305798567,6.879520018573483,FREE,FREE,False
150,car2,13.89,109.36294534133701,7.873502184401512,FREE,FREE,False
151,car2,13.89,123.18814960758732,8.868837264765105,FREE,FREE,False
152,car2,13.89,137.02645795644378,9.865115763602864,FREE,FREE,False
