"relative_path","file_size","modified_time","sha256","category","status"
"analyze_metrics.py","373","2026-06-03T16:36:36.2853376+01:00","5F5AA036D45DBFF18E999E3F54DDD98B5C5D80DD4E06885542AC7E93A6CE1C77","CODE","INITIAL_SNAPSHOT"
"baseline_records.csv","22247","2026-06-03T16:35:30.5218760+01:00","7E0B24D0C6CB5B47423B8AA280CF9B8238956EE8DF4460CD2422883A858D2D67","RESULT_OR_DATA","INITIAL_SNAPSHOT"
"baseline_rule.py","2228","2026-06-03T16:35:15.1439691+01:00","E1098935536FCC1CD489DBD20E8111216A32A2339E0209096680B61BA3DD1793","CODE","INITIAL_SNAPSHOT"
"control_test.py","672","2026-06-03T16:31:10.7169268+01:00","8827F156EDB312C32397397DF44323BF6689A2DDF719B8712FBA24F2D5063FFD","CODE","INITIAL_SNAPSHOT"
"generate_data.bat","110","2026-06-03T15:58:42.6938286+01:00","2BA085E64ACF2E3DBEE30B559B1FB1A86AD13F596085E39EAAB11CE73738C97E","UNKNOWN","INITIAL_SNAPSHOT"
"generate_vehicles.py","5433","2026-06-03T15:58:42.7294933+01:00","7ABB46840316622E1EBF5D55C525B31F1881F90A11C829655D4C3E1CE8546B53","CODE","INITIAL_SNAPSHOT"
"llm_ready_controller.py","11855","2026-06-04T12:49:56.5984421+01:00","107D06695B2E21990497A61A012D422C79A7194B6CA36EDD44A512E17D236DD0","CODE","INITIAL_SNAPSHOT"
"llm_ready_records.csv","10008","2026-06-04T12:55:14.2714515+01:00","6529B537133B94720D2C9379AE7960EB5CBAFC98D9CCDE72CC352128059F0926","RESULT_OR_DATA","INITIAL_SNAPSHOT"
"modular_controller.py","7261","2026-06-11T12:27:40.2434412+01:00","EB714849F50171EA5143F548A023E01D721E14B43FD72A285781A5BD1CF47BC1","CODE","INITIAL_SNAPSHOT"
"modular_records.csv","23412","2026-06-04T12:55:38.6926987+01:00","5057C44C3478345AC4235C5B35E375DBDF3CD22C1647108729F7E2B18C1E7630","RESULT_OR_DATA","INITIAL_SNAPSHOT"
"net.net.xml","22614","2026-06-03T15:55:20.9809953+01:00","1F48196C4C212D923EDE3DA631DF398A7C6B3457A8AA5628CAA552A0B075616A","SUMO_ASSET","INITIAL_SNAPSHOT"
"queue_output.xml","11310","2026-06-03T16:23:06.7209916+01:00","1F3D7E06088FC6C1EFF240C5D490BAF77BB5F63635D054A42DC16074E001964B","SIM_OUTPUT","INITIAL_SNAPSHOT"
"read_and_draw.py","3172","2026-06-03T15:58:43.6952647+01:00","D1863F9F136B4007D7DA84525A0D694669C86DA10C5B2A48DD658AC759C6234C","CODE","INITIAL_SNAPSHOT"
"routes.xml","521","2026-06-03T16:21:23.7273325+01:00","ABC957263D1CC87753C2265793F93F1C2890002B20E71DAC77E858ECCC98C594","SUMO_ASSET","INITIAL_SNAPSHOT"
"safe_rule_controller.py","3001","2026-06-11T12:27:12.2966824+01:00","66DDFB0D70AC1AA8E7CB345454EFC6B61E2B96DD7624575F602CD0059C185AE3","CODE","INITIAL_SNAPSHOT"
"safe_rule_records.csv","22247","2026-06-04T12:07:45.4212150+01:00","7E0B24D0C6CB5B47423B8AA280CF9B8238956EE8DF4460CD2422883A858D2D67","RESULT_OR_DATA","INITIAL_SNAPSHOT"
"simulation.sumocfg","405","2026-06-03T15:58:42.7197854+01:00","F6E5C18CACF918FB7F4F7A654393A20AD258D56DA30AF232C371D5C0AFEA10CC","SUMO_ASSET","INITIAL_SNAPSHOT"
"summary.xml","14908","2026-06-03T16:23:06.8731881+01:00","49EC33B08E5151DA4747F39888766A530A7A5C4CC0B3470A9ADAC96698BC1CCC","SIM_OUTPUT","INITIAL_SNAPSHOT"
"test_free_llm.py","463","2026-06-04T12:22:13.1737153+01:00","6A89ADFB2AF95482DAF08B8CAF06871DE5CABBA85B053A8960E2CDB9D8BD60B9","CODE","INITIAL_SNAPSHOT"
"test_traci.py","592","2026-06-03T16:29:25.1855796+01:00","2C6041D06AD6A7BAC4815FF9D2961644C5F614FC3B605DC40C743564707A7C0D","CODE","INITIAL_SNAPSHOT"
"traffic_volume.xls","9229","2026-06-03T15:58:42.7318955+01:00","D60F4C94526702425683879F777262F552FAC0BE4C743945EF7F6E789EEA685E","RESULT_OR_DATA","INITIAL_SNAPSHOT"
"ttc_rule_controller.py","4408","2026-06-11T12:27:21.6394950+01:00","318B5FB3447A53852AC488738E1744B3FE9B357B0DAF66240C8FF253DF8B965F","CODE","INITIAL_SNAPSHOT"
"ttc_rule_records.csv","32412","2026-06-04T12:09:00.9834999+01:00","67502515875B81C16A9216D60652E556462EC3869F5255EAFDA2691219C35D32","RESULT_OR_DATA","INITIAL_SNAPSHOT"
